epoch,time,train/loss,metrics/accuracy_top1,metrics/accuracy_top5,val/loss,lr/pg0,lr/pg1,lr/pg2
1,61.0215,0.73,0.97881,1,0.05157,0.000326667,0.000326667,0.000326667
2,123.339,0.08816,0.97881,1,0.11818,0.00060555,0.00060555,0.00060555
3,190.697,0.10585,0.95551,1,0.16708,0.000829433,0.000829433,0.000829433
4,439.145,0.13226,0.98941,1,0.03539,0.0007525,0.0007525,0.0007525
5,494.474,0.1263,0.98305,1,0.07392,0.00067,0.00067,0.00067
6,548.827,0.07608,0.98729,1,0.03559,0.0005875,0.0005875,0.0005875
7,606.112,0.07642,0.98729,0.99788,0.04537,0.000505,0.000505,0.000505
8,663.212,0.04929,0.98305,1,0.04115,0.0004225,0.0004225,0.0004225
9,727.392,0.0288,0.98941,0.99788,0.02828,0.00034,0.00034,0.00034
10,794.768,0.02827,0.98729,1,0.03748,0.0002575,0.0002575,0.0002575
11,861.001,0.03511,0.98729,1,0.04746,0.000175,0.000175,0.000175
12,930.325,0.03639,0.98941,1,0.06996,9.25e-05,9.25e-05,9.25e-05
